{"cameraMode":{"drawMode":0,"name":"Shaded","section":"Shading Mode"},"sceneLighting":true,"audioPlay":false,"sceneViewState":{"showFog":true,"showMaterialUpdate":false,"showSkybox":true,"showFlares":true,"showImageEffects":true,"showParticleSystems":true},"in2DMode":false,"pivot":{"x":-0.3559955656528473,"y":-0.003024468431249261,"z":0.33729153871536257},"rotation":{"x":0.08684923499822617,"y":-0.588839590549469,"z":0.06384313851594925,"w":0.801030695438385},"size":1.642646312713623,"orthographic":false}